Mixture,B cells naive,B cells memory,Plasma cells,T cells CD8,T cells CD4 naive,T cells CD4 memory resting,T cells CD4 memory activated,T cells follicular helper,T cells regulatory (Tregs),T cells gamma delta,NK cells resting,NK cells activated,Monocytes,Macrophages M0,Macrophages M1,Macrophages M2,Dendritic cells resting,Dendritic cells activated,Mast cells resting,Mast cells activated,Eosinophils,Neutrophils,P-value,Correlation,RMSE
TCGA-EK-A2PI-01A-11R-A18M-07,0,0.0927164646640185,0.0962861922438244,0,0.216113892068536,0,0,0.0809570223756667,0,0,0,0.111617913164231,0.053435352014895,0.0504026277111871,0.0124736023299144,0.153488992484645,0.0305128066753615,0.0335278640068803,0.0259350218352478,0,0.0425322484255926,0,0.89,-0.0286030469742939,1.08947537391833
TCGA-MY-A5BD-01A-11R-A26T-07,0,0,0.436166825709964,0,0,0.0448507535945484,0,0.0703138947374913,0.00998803073275409,0.0369473071267423,0.0857311231371103,0,0,0.0264288044707852,0.00293736034880886,0.0461074002227238,0.0496583801658541,0.0530753478771938,0.126249561672987,0,0.000797628968859813,0.0107475812341763,0.79,6.34369151844968e-05,1.07843783013061
TCGA-HM-A3JK-01A-11R-A32Y-07,0,0.0235024786021135,0.428130846752475,0.0377882544850781,0,0.0531889499904166,0,0,0.0285030724281422,0,0.0200823084242687,0,0,0.11537275166572,0.0429561487196776,0.167391561977529,0.028406156572355,0,0.0336208942255725,0,0,0.021056576156651,0,0.675609881496965,0.780604117470346
TCGA-HM-A3JJ-01A-21R-A21T-07,0,0,0.439879423726979,0.0462806752240948,0,0.072453524281314,0.00835064675997719,0.0193716177074949,0.00741299922026772,0,0.000958057837503412,0.0312222441883744,0,0,0.141148719462601,0.0884382311783811,0.0480730880249654,0.0231302691095842,0.0695370671381558,0,0,0.00374343614030709,0,0.573352290374069,0.825968512387015
TCGA-C5-A2LT-01A-11R-A18M-07,0,0.0226417837109622,0.298473541456253,0.14494168858928,0,0.177948721734308,0.00372771930263603,0.0291673510353744,0,0,0.1172703022437,0,0,0.000505780021838835,0.0196069139745102,0.0702944165657197,0.0256785442762651,0.0431692847246452,0,0.0322451312461841,0.0122050258680395,0.00212379525028393,0.02,0.365367684909684,0.933227983242762
TCGA-DS-A0VN-01A-21R-A10U-07,0,0.0318518089385847,0.136073754436104,0.149654114973854,0,0.200662053312732,0.0103685609489341,0.0487421940089844,0,0,0.100617282827626,0.00119926479060481,0,0.0386115001607772,0.166249543572124,0.0669108273982298,0.0297365790187317,0,0,0,0,0.0193225156127133,0,0.577518839044465,0.817391729102883
TCGA-EK-A2RB-01A-11R-A18M-07,0,0.0258721737625796,0.0461937837615173,0.137955547356158,0,0.0891326748690098,0.0681164232582024,0.0401140623383396,0.0398349939322045,0,0.08734362105909,0.0370461681294218,0.1341778452236,0.00583088358668311,0.00487651790651513,0.035845454202939,0,0.143069211897973,0.0785232368867814,0,0,0.0260674018289856,0.04,0.290063266562474,0.966495743312522
TCGA-R2-A69V-01A-11R-A32P-07,0,0.00235432342058113,0.274865100288008,0.202658369541857,0,0.00911538094633016,0.0151825646741922,0.0445591409842095,0,0,0.0642883578564787,0,0.00517493289067126,0,0.134334957310681,0.157149282080689,0.0403687278283655,0.00209367893164297,0.0386007908956487,0,0,0.00925439235064579,0,0.751346409730268,0.727480168770052
TCGA-JW-A5VH-01A-11R-A28H-07,0,0,0.124617802026079,0,0,0.145673724135331,0,0.0483879785962422,0.0193210627613486,0,0.102258310295982,0,0,0.206155854445674,0.00669438453832232,0.227420640166345,0.00557377731557784,0.00100402232184662,0,0.0789800875228829,0.010681298247155,0.0232310576272122,0.66,0.0197552945728097,1.09016587770252
TCGA-C5-A3HF-01A-11R-A213-07,0,0,0.738266354141248,0.0307209577075607,0,0.0778054623025839,0,0,0.0312814773574598,0,0.00186109801044655,0.0117177970162439,0,0.00824034884864374,0.0247154786695854,0.0284048670735648,0.00212880637689267,0,0,0.00301424620366564,0.0237172421894081,0.018125864102697,0,0.795493241900045,0.652666472098715
TCGA-C5-A3HD-01B-11R-A213-07,0,0.102436829563972,0.0461893574596738,0,0,0.255741882494383,0.0387251230733583,0,0,0,0.0614077609683166,0.0369061241717488,0,0.14432906944181,0.105493393347141,0,0.0005537274561657,0.10403272944111,0.0896761680695991,0,0,0.0145078345127215,0.28,0.118960954376572,1.04671379582196
TCGA-FU-A770-01A-11R-A33Z-07,0,0.00348155542294486,0.0514445215029278,0,0.0557553872615767,0.287028239683677,0,0,0,0,0.156939309158748,0,0,0.0524791953791049,0,0.0362023774678933,0.0155427025809706,0.0516194531085317,0.0104726903728377,0.12254068122812,0,0.156493886832666,0.9,-0.0324392321927365,1.1118521256098
TCGA-LP-A5U3-01A-11R-A28H-07,0,0.0739515577397025,0.031549442751833,0.00842332321558066,0,0.237570753518323,0,0.150072395667058,0,0,0.00965277478862662,0.0378032443178426,0.0285672401460849,0.0349732876176781,0.228349403922149,0.0280468481836856,0.0537421919774766,0.0142827333317922,0.0482566662738686,0,0,0.014758136548298,0.1,0.219543452403887,1.03086760656838
TCGA-C5-A1M8-01A-21R-A13Y-07,0,0.0186678450350466,0.209244304534268,0.116979059163117,0,0.0649107154720109,0,0.0221134560398659,0.0405397622871895,0,0.0369937907682699,0,0.0795745191330086,0.0680356299099293,0.0424497628138185,0.292938561772736,0,0,0,0.00270854698173408,0,0.00484404608900623,0.65,0.0217132125809459,1.06689289260834
TCGA-C5-A7CK-01A-11R-A32P-07,0,0.0157711828153622,0.684076529911553,0.00743329720588345,0,0.110799227322454,0,0,0,0,0.0408868952242285,0,0,0,0.011369382190279,0.0807071982957551,0.00606907244161086,0.00953064976693551,0,0.026919749579928,0,0.00643681524601065,0.02,0.37665518205554,0.946101955855048
TCGA-DG-A2KL-01A-11R-A180-07,0,0.0262031952082544,0.0759983015116992,0.0360725470093676,0,0.123232294596101,0.022689022401833,0,0,0,0.0592661471026034,0,0,0.206390618871473,0.129162009499426,0.0569160104870571,0.0866861679512486,0.00907849701250235,0.161437062971756,0,0,0.00686812537667739,0,0.516242810158825,0.860384457644687
TCGA-BI-A0VR-01A-11R-A10U-07,0,0.0135539318237281,0.741937633221949,0.0499327237180429,0,0.0276042687471403,0.00614090425767956,0.0138739669305175,0,0,0.0190176978138909,0.00564705836955286,0,0.00369620740640808,0.0689838606063705,0.0128517651105191,0,0.00900974646137503,0.0190727870979832,0,0,0.00867744843484239,0,0.951354090773175,0.483787357191899
TCGA-Q1-A73P-01A-11R-A32P-07,0,0,0.626243651943874,0.08497952815902,0,0.0737504215342866,0,0.0258104977814964,0,0,0.00602289471333412,0.0113854190600586,0,0,0.0816919352170873,0.0669974478262885,0,0,0.0166848109687749,0,0,0.00643339279577957,0,0.612555752347349,0.79748990853987
TCGA-EA-A3Y4-01A-51R-A24H-07,0,0.0101715059334597,0.171293690193175,0.313868648072903,0,0.00876904778735941,0.0609028883225312,0.0717633594247742,0.0610580113398792,0,0.125214477484311,0,0.0169817332213184,0,0.0705419583305183,0.0662003035547199,0.00928595407015638,0,0,0.013948422264895,0,0,0,0.546823857877033,0.835756723779011
TCGA-EA-A439-01A-11R-A24H-07,0.00232411067199778,0,0.38958219881598,0,0,0.148650425709131,0,0.0500283704694454,0,0,0.0427481587118756,0.028214297281827,0,0.0375194059368438,0.167112782541721,0.0585601162103807,0.00408644421563816,0.00957195064138935,0.06160173879377,0,0,0,0.03,0.318295640501418,0.959953506585947
TCGA-JW-A5VL-01A-11R-A28H-07,0,0.0570890816088228,0.0444838838506333,0,0,0.30992140286663,0,0.0492338567505825,0.0317566184779193,0,0.0882795819697721,0.00897758953408232,0.0328373731484697,0.0357054503503833,0.21678275998408,0.0629742048252367,0.0481047731382452,0,0,0,0,0.0138534234951438,0,0.472448711727139,0.884031202733696
TCGA-EA-A3HT-01A-61R-A21T-07,0,0.0268668808555413,0.54627452263651,0.0120589330524033,0,0.107060587302081,0,0.000538528889441748,0,0,0.043420915285651,0,0.0275430229000971,0,0.0457641124486274,0.106114599800363,0.0370707103903809,0.0223208699696512,0,0.00842111334792917,0,0.016545203121323,0,0.674060454630297,0.77079687654688
TCGA-EK-A2PL-01A-11R-A18M-07,0,0.12617858693717,0.275196462203045,0.00866054090030007,0,0.182391499667105,0.00683895671430211,0.0541089890268337,0.00431497399118316,0,0.0245745834678052,0.0250922687349937,0,0.0316163699435852,0.128929221678644,0.0697913147145447,0.0199101064657185,0.00230290325128146,0,0,0.0205684084103394,0.0195248138931486,0.29,0.117068083531041,1.0410467305403
TCGA-Q1-A6DW-01A-11R-A32P-07,0,0.0121375477121615,0.560311457871416,0.00911028765475736,0,0.110055498373874,0.0161888891962332,0.00732541666083428,0,0,0.0704137861470708,0.00744197014021737,0.00131906701407377,0.0150488460308807,0.0120210618692977,0.0688814867238828,0.0154734434072761,0.0328330712777228,0.0583660271873543,0,0,0.00307214273294738,0,0.653885794384094,0.782715390367942
TCGA-EA-A5ZE-01A-11R-A28H-07,0.000981009135491976,0,0.483696465218423,0.0100650767361439,0,0.142721582832664,0,0,0.0240417342316918,0,0.0431702953315721,0,0,0,0.0352737175996357,0.210497960662931,0.00905600792182191,0.0084123371289454,0.00655752510240708,0.00690208296302967,0,0.0186242051352422,0,0.750682447615153,0.733513607341786
TCGA-DS-A0VK-01A-21R-A10U-07,0,0.0710886381965969,0.156851057659449,0,0.101332919592747,0.09611465043792,0,0.0412243504148975,0.0136487749508296,0,0,0.0504670224987821,0,0.0181680410998701,0.107740417139332,0.0763581209342842,0.240087783219865,0,0,0,0.00562939297899512,0.0212888308764322,0.08,0.246209783294668,0.979679077786818
TCGA-EA-A3HR-01A-11R-A213-07,0,0.00918143628030121,0.040987902676824,0.034943051108156,0,0.207166836206059,0,0.0141673470631695,0.0413136269124745,0,0.0860545961925995,0,0.132595265346589,0,0.0532387939957564,0.049909517382896,0.118360642292281,0.00563091823177312,0.0973808140302317,0,0,0.109069252280888,0.46,0.0614466737217107,1.03972657294139
TCGA-DS-A3LQ-01A-21R-A21T-07,0,0,0.659349597518177,0.0283600462665995,0,0.0123869360865996,0.00953896959481871,0.0145522940900101,0,0,0.00602880475881755,0,0,0.0516670967322879,0.0602263916775734,0.130102862156676,0.0115038525470058,0,0.00426772918777771,0,0,0.0120154193836567,0,0.872501561391523,0.601369482013858
TCGA-FU-A3WB-01A-11R-A22U-07,0,0.0236516009211773,0.362311589017833,0,0,0.066946668573429,0.00673501944314595,0.04076523812924,0.0327563929209383,0.002702682460668,0.0852385539659221,0,0.011714050600106,0.0264895239137296,0,0.0540739353882716,0.0257509362829921,0.126561348392044,0.13299680177863,0,0,0.00130565821187314,0.36,0.0915149369376177,1.0372864693851
TCGA-IR-A3L7-01A-21R-A213-07,0,0,0.0584642552801872,0.0718387963958588,0,0.0870340843107218,0,0,0.102569732945027,0,0.053151563367666,0,0.134880604336009,0,0.025430140039439,0.296025626072363,0.00701858971698593,0.0448266415728391,0.118759965962903,0,0,0,0.99,-0.0800306177340017,1.09388459703489
TCGA-FU-A3HY-01A-11R-A21T-07,0,0.0305350283876141,0,0,0,0.195770707262768,0,0.00127370126881803,0.0146008857482142,0,0.0542798949703783,0.0057457805939002,0.0351529385898488,0.46192556681583,0,0,0,0.0780020062592343,0.122713490103395,0,0,0,0.1,0.212316949395101,1.0314564955709
TCGA-EA-A50E-01A-21R-A26T-07,0,0.0519147589473631,0.136722111034301,0.00774430860036249,0,0.0914563262179279,0,0.0418636890154273,0,0,0.0378537083982277,0,0,0.114761418440501,0.0960265428925836,0.337972115016536,0.0142031076431804,0,0.0592967088240015,0,0,0.0101852049695882,0.09,0.23559728685663,0.988928999732865
TCGA-EA-A3HQ-01A-11R-A213-07,0,0,0.165218414906889,0.0711374183334254,0,0.185583958711809,0.0229447525524578,0.01156925466136,0.00535427931055146,0,0.0519939588171395,0,0,0,0.141485908781262,0.19998469534493,0.0951269860260117,0.00463065643484304,0.0375262778993449,0,0,0.00744343821997565,0.01,0.45879965382265,0.887036864857072
TCGA-LP-A4AW-01A-11R-A24H-07,0,0,0.493849502070699,0.0627707654356185,0.0314935265335294,0,0,0,0.0328589371807757,0,0.00267671821357853,0.0170565372622541,0,0.112062366252107,0.0257015338166601,0.125869578995597,0.0492484248462214,0,0.00359138472770033,0,0.0128465959866943,0.0299741286785648,0,0.53908739680289,0.849679790693171
TCGA-MU-A51Y-01A-11R-A26T-07,0,0.0382075708317976,0.196603495640569,0.112677395397949,0,0.203618615605516,0,0.0452962405800839,0.020926096481704,0,0.0234458258632198,0.00442083640314963,0.0492629416907057,0.020894609554838,0.175530816066561,0.0736863822542423,0.0179977935427282,0.0174313800869357,0,0,0,0,0,0.628654219290791,0.787109888548821
TCGA-C5-A2LV-01A-11R-A18M-07,0,0.0089683149781488,0.0602575307127357,0.0445641899306219,0,0.073169934231779,0.0249908645428751,0.000924866645600077,0.0148123624788384,0,0.0399432430649063,0.00493175283077208,0,0.414050690480349,0.0585174290947106,0.125908764760797,0.0519158400274932,0,0.0770442162203726,0,0,0,0,0.618981658827094,0.788560920462846
TCGA-IR-A3LL-01A-11R-A213-07,0,0.0486479286766969,0.0759635614990777,0.139985120438977,0,0.125778692265728,0.117613487061117,0.0257999367686314,0.00394201581172706,0,0.115182994515954,0,0.0246358082116367,0,0.185956490145937,0.116620523699871,0.0158913558448339,0,0,0,0,0.00398208505981192,0,0.499025798572417,0.866230462346984
TCGA-EA-A5ZF-01A-11R-A28H-07,0,0,0.377266495888399,0.00382357046002606,0.0948513252436264,0,0.00267257424304627,0.0189561478431273,0.0556263244896611,0,0.0356844938815103,0.0025448987440665,0,0.109399194267511,0.0120845047125794,0.0852815810741983,0.00859978338530269,0.0396206739747224,0.13898968954471,0,0.00755182232208917,0.00704691992542416,0.8,-0.00468530887873832,1.07286759477219
TCGA-BI-A20A-01A-11R-A14Y-07,0,0.0132938586952564,0.386153944419837,0.103321923446116,0,0.070180215749084,0.0172750933009562,0.0103992236855822,0.0394510730998064,0,0.000736899132048277,0.0121166409164419,0,0,0.125506916144035,0.113747532325977,0.0186424118028359,0.00472344799116458,0.0768901284107523,0,0,0.00756069088010674,0,0.618590834917679,0.806122164859266
TCGA-C5-A1BL-01A-11R-A13Y-07,0,0.0570024727301055,0.373449295375502,0.0518970562282983,0,0.096783275770438,0.0202478235375469,0.0271826666885264,0,0,0.0692003079879869,0,0,0,0.0854587062619099,0.105600680118211,0.0116117117985677,0.0642001339514352,0,0,0.0194564560397131,0.0179094135117589,0,0.606520452284422,0.813800547689922
TCGA-C5-A2LS-01A-22R-A22U-07,0,0.0123467195239341,0.452475705862509,0.0829410520956833,0,0.1065252089091,0,0,0.0271314555664611,0,0.00311185149945815,0.0321370913410814,0,0,0.00480645951848705,0.0886897011566096,0.0674713643915816,0.0332480587971943,0.0571184927299515,0,0,0.0319968386079488,0.69,0.0153591662132903,1.07803242307906
TCGA-C5-A0TN-01A-21R-A14Y-07,0,0.0253247562213432,0.0185836903408243,0.0466347013605117,0,0.159515738679564,0.00582001234058442,0.015689728786943,0.000721312859469915,0,0.0614967283351376,0.00484037476095584,0,0.374964705794018,0.0849958258672908,0.0982104661693278,0,0.0899793780602135,0.00194102565116018,0.0105591566377426,0,0.000722398134912963,0.03,0.326343943030373,0.971032593948237
TCGA-EX-A69M-01A-11R-A32P-07,0,0.00926387428079635,0.580297154382014,0.118573256480214,0,0,0.00644683502386316,0.0518348826208085,0.00258142698520627,0,0.0188259525493855,0.00319889765936206,0.00165945563323167,0,0.0982515188776143,0.068986265569025,0.00798836372057,0.00507303905730392,0.0212086488578347,0,0,0.00581042830277103,0,0.864545238966261,0.61808380743377
TCGA-JX-A3Q0-01A-11R-A32Y-07,0,0.018501428906623,0.524859956829838,0.06971575867442,0,0.0523121049887065,0.0119320636157764,0.0452101579369838,0.0130966388177318,0,0.0301175001912684,0.00175415457307987,0,0.0079219272787512,0.105579497264138,0.066469237723664,0,0.0191676717177724,0.0259263838737433,0,0,0.00743551760750304,0,0.755173145022908,0.709072517758329
TCGA-C5-A1BE-01B-11R-A13Y-07,0,0.012462003024546,0.412403819157262,0.0636682383139243,0,0.0803007520848588,0.0404386726109266,0.0135309015911979,0.00441269609772899,0,0.0498432996480256,0,0,0.125237100745949,0.0948362177503106,0.0513795907643426,0.0143244561410874,0.010156174823865,0.0265557634105615,0,0,0.000450313835412913,0.1,0.215671443043182,1.00041718638697
TCGA-EA-A556-01A-11R-A26T-07,0,0.0243354220801809,0.0354502864226821,0.0391519536844824,0,0.163648036287429,0.0267755701081838,0.0427905830527936,0.0328322135462255,0,0.0824189281613413,0.00959358429502923,0.02235432582079,0.0164831291419342,0.0739269241779344,0.220096460375531,0,0.2073221830176,0.00095890936811444,0,0,0.00186149045974845,0.36,0.0898665063986864,1.07241682354443
TCGA-EA-A5ZD-01A-11R-A28H-07,0,0.0144899330091681,0.335132362739362,0.0530010836828072,0,0.074684856714712,0.0256358806449802,0,0.0103188711315599,0,0.0259406086099886,0,0.039264999877786,0,0.112527755093537,0.137524256403468,0.0416887131666352,0.0270073398709429,0.053555578959874,0,0,0.0492277600951782,0,0.543877552150621,0.851329443424696
TCGA-BI-A0VS-01A-11R-A10U-07,0.0202836582992157,0,0.386975779683471,0,0.0425298563050125,0.0956333733553641,0.0122594196309268,0.000902655396133782,0,0,0.0691898177919665,0,0,0.114426294315281,0.0680552357944778,0.126725088019231,0.0336561740687002,0,0,0,0.0220746582985851,0.00728798904163399,0.02,0.39189926091353,0.920298024528045
TCGA-EK-A2H0-01A-11R-A180-07,0,0.0214766054612235,0.0107886954557829,0,0,0.239466959400006,0.0145348825693321,0,0,0,0.174053536860218,0,0.0181065029086401,0.0754719414133467,0.130892271961184,0.13817707595824,0.0476242633532665,0.0350873585447043,0.0943199061140561,0,0,0,0.13,0.182429308131015,1.02234477287884
TCGA-FU-A3TX-01A-11R-A22U-07,0,0,0.391726347344671,0.0785673741626296,0,0.169378613214234,0,0.0498329407567899,0.00226442047152275,0,0,0.039904619897634,0,0.0765259355821653,0.0676335555509642,0,0.0718969229406105,0.0137677169799228,0.0278148150878729,0,0,0.0106867380109832,0.02,0.393138589790249,0.919413363536504
TCGA-C5-A1MF-01A-11R-A13Y-07,0,0,0.69701743764444,0.0551952913813628,0,0,0,0.029123689108387,0.0196820445583456,0,0.000609094778634584,0.0433379115029196,0,0.0095745000324348,0.0207715726404723,0.0644545216383754,0.00385361132898332,0.0110865512774366,0.0369077699033621,0,0,0.00838600420484601,0,0.81667877358789,0.642330997681775
TCGA-EK-A2PG-01A-11R-A18M-07,0,0,0.654791710013671,0.00463154785417031,0.0018405472003856,0,0,0.0545281833141487,0.0146555713592507,0.014250821915421,0,0.02302007673447,0.173588532578971,0,0.0021452007354869,0,0.00340315153387363,0.0214084818829065,0,0.0144098270980999,0,0.0173263477791445,0,0.495321620796103,0.874760852530901
TCGA-IR-A3LC-01A-11R-A213-07,0,0.00202079313990253,0.0793026235008508,0.00500946119880869,0,0.0903063013773086,0.0464018333493254,0,0.0486366433600806,0,0.263648204810076,0,0,0.0611819956828007,0.0269541738357547,0.267274415334763,0.00276648552814941,0.00181947477704331,0.104677594105136,0,0,0,0.05,0.267357295057436,0.984539606622932
TCGA-Q1-A73Q-01A-21R-A32P-07,0,0.0487758608945776,0.305271223399484,0.0337980467890738,0.00311517592837149,0.148260348038598,0.00800396733071331,0,0,0,0.066528133778201,0,0.0019632705833996,0.0259562862304067,0.0181795906516025,0.0387053150679627,0.103397566269249,0.0427530486889314,0.124919779467022,0.028986414953725,0,0.00138597192868312,0.23,0.130405363917167,1.01660366691462
TCGA-MU-A5YI-01A-11R-A32P-07,0,0.07263291219028,0.296088455237692,0.0165570467387833,0,0.206785468305938,0.00349263986613584,0.0389110275643276,0,0,0.0103678813898081,0.0197576447119435,0.0252266597961967,0.0126251153823599,0.107931788943619,0.115529884128255,0.0337608877380495,0,0.0403325880066122,0,0,0,0,0.528850968182252,0.855995561794372
TCGA-EK-A2RL-01A-11R-A18M-07,0,0,0.198533464630367,0.141450239154524,0,0.270388623296933,0.0287499015120585,0,0.0835477341932096,0,0.042371392283353,0,0,0,0.0296031292137758,0.116456694889457,0,0.0203328664385182,0,0.00359832837129909,0,0.0649676260165043,0.94,-0.0402113613310742,1.12149343190121
TCGA-FU-A40J-01A-11R-A24H-07,0,0,0.244439626642646,0.046325606020922,0,0.282274057564545,0,0.00673149067197358,0.016466208403269,0,0.0678554698781411,0.0529510261523756,0,0.0483455353283275,0,0.00734907770129493,0,0.0637476837955493,0.130266155657418,0,0,0.0332480621835379,0.41,0.0734442462207858,1.057389291582
TCGA-EX-A1H5-01A-31R-A13Y-07,0.0033913850402464,0,0.478995374373563,0,0,0.177955848230539,0,0.0513302015598751,0.0194175790693128,0,0.0272991025123948,0,0,0.00852305378152785,0.081592581821022,0.0544080926761141,0.00547103812147987,0.0162152425579096,0.0629828624205019,0,0,0.0124176378355136,0,0.477495090064131,0.879645245522174
TCGA-FU-A3YQ-01A-11R-A22U-07,0,0.0213237940246506,0.498234199703507,0.0385969915133349,0,0.0727120682560379,0.011699408478991,0.0123760853161779,0,0,0.0261847055817031,0.00429491834886518,0.0575621493276223,0.03478740656336,0.141022056670942,0.0329231438822617,0.0252694766493783,0.00164702916104229,0.00700602926874831,0.00448921044828345,0,0.00987132680509411,0,0.708462447995095,0.740430190568197
TCGA-EA-A1QS-01A-61R-A22U-07,0,0.0145559428148964,0.360732624964538,0.0470889333287053,0,0.152953031778944,0,0,0,0,0.0274692319352481,0,0,0,0.0436711913940572,0.202559591858503,0.0699485431065984,0.0021047217785554,0.0725827913217558,0,0.00411689732097845,0.00221649839721929,0.03,0.360828911750357,0.933689588624589
TCGA-IR-A3LF-01A-21R-A22U-07,0.00774893356947611,0,0.200240866649303,0.0403479709937005,0,0.27633355668519,0,0.0668118515205946,0.0459640843812516,0,0.0421921072456533,0,0,0.0398739601339106,0.183368278713725,0.0449497979548253,0.0116564727334928,0,0.0405121194188782,0,0,0,0.0600000000000001,0.256550188227988,0.999169928315705
TCGA-IR-A3LI-01A-11R-A32Y-07,0,0.0259571281168855,0.176285810897004,0.0356104718128114,0,0.121153120572527,0,0,0.0803596068307899,0,0.0845904299010217,0,0,0,0.0185862226548013,0.108302001380506,0,0.1151670500345,0,0.117721688544597,0,0.116266469254556,0.99,-0.0873099644164819,1.10381582927753
TCGA-Q1-A6DT-01A-11R-A32P-07,0,0.0216508845557783,0.163346085169718,0.0155765097206315,0,0.16837421820346,0.0185581513887291,0,0,0,0.0936100530609331,0,0.0804540678468407,0.124879440620646,0.0534683727288888,0.153671795662434,0.0341887232878349,0,0,0.0546695190786868,0.00429380587892097,0.0132583727964988,0.26,0.124705475950867,1.02459552629255
TCGA-HM-A6W2-01A-21R-A33Z-07,0.00158587402386491,0,0.417641517758286,0.0714057649373886,0,0.0249430109226986,0.174867611805157,0,0,0,0.0273393517929681,0.00330576489660836,0,0,0.0140601979995931,0.250828072293658,0,0,0,0,0.0061691385786405,0.00785369499113623,0.05,0.2652046240576,0.97745134623108
TCGA-DG-A2KM-01A-11R-A180-07,0,0.012727409395513,0.530848505462237,0.16421472523558,0,0.0263235816135094,0.0504731360042295,0.00879482490021608,0,0,0.0692905849791913,0,0,0.023531508450258,0.0345767796544807,0.0713067449701834,0.00532766453886796,0,0,0,0,0.00258453479573326,0,0.799498996959612,0.679733370855477
TCGA-EK-A2PK-01A-11R-A18M-07,0,0,0.877779318758876,0.0437249948922051,0.0152384952269777,0,0,0,0,0.00559646619504453,0,0.0222093113564293,0,0,0,0.00134962875023023,0,0.0111205641420955,0.00215156614881159,0,0,0.0208296545293299,0,0.973546520827883,0.40059518187573
TCGA-C5-A1MP-01A-11R-A14Y-07,0.000972332629612718,0,0.593013454603698,0.0521191703288252,0,0.0719329847991772,0,0,0.0024988363542396,0,0.00327774993926928,0.0144543608550121,0.00503585964369685,0,0.0332912135045417,0.0942241839667117,0.0810006667846575,0,0.0325273032876629,0,0,0.0156518833028949,0,0.885998226349311,0.622036586876286
TCGA-C5-A3HL-01A-11R-A213-07,0,0,0.163676159635283,0.0767836559068194,0,0.166177884507011,0,0.012971146309653,0,0,0.0483299391129427,0.0349909306952308,0.0840144133758818,0.0632076113195784,0.132498297118434,0.0483495820591515,0.0596378258397934,0.00797080743040012,0.0921033369258848,0,0,0.0092884097639359,0.14,0.169608488304475,1.01206528503704
TCGA-JW-A5VG-01A-11R-A28H-07,0,0.00222596337628241,0.0195707135317302,0.0594621163575408,0,0.230816535165604,0,0.00636891793152415,0,0,0.112588533552015,0.037458615865144,0,0,0.0620178641149698,0.113470220611563,0,0.240192095206535,0.115828424287092,0,0,0,0.01,0.448780603738013,0.895858707739598
TCGA-EA-A5O9-01A-11R-A28H-07,0,0.154787176446972,0.100806300199012,0.016067861917826,0,0.216366353024947,0.0221511263471059,0.0986397311848988,0,0,0.0788580052609429,0,0.0575386505071905,0,0.0478618416663849,0.0129959701629373,0.00805034690075852,0.138848493599225,0,0,0.0307240181428943,0.0163041246389048,0.0600000000000001,0.259522332640762,0.978734793706307
TCGA-LP-A5U2-01A-11R-A28H-07,0,0.035817244483383,0.417827310317943,0.144573147347791,0,0.0715465390255484,0,0.0669107071832896,0,0,0.00944891888899282,0.01698699064091,0,0,0.119736592042202,0.0403326856334207,0.0279471999106347,0,0.0366348582345191,0,0,0.0122378062913649,0,0.542292323661713,0.842179366587849
TCGA-EX-A1H6-01B-11R-A22U-07,0,0,0.367587849626026,0.105274931438914,0,0.16863724482796,0,0.00896187127220423,0.071621796349744,0,0.090375488770215,0,0,0.0454438610650635,0.0184852570836508,0,0,0.0635114976363199,0.0523146568644669,0,0.00778554506543516,0,0.05,0.263788326267019,0.982460488294641
TCGA-C5-A1BF-01B-11R-A13Y-07,0,0.0010264001401267,0.516759323046617,0,0,0.155725856543029,0.0263331702834642,0,0,0,0.0771658819898272,0.0187335259371684,0.0150059609668852,0.016498142269152,0.0168499847429722,0.117215504389837,0,0.0213631254703614,0.0130219605842047,0,0,0.0043011636363555,0,0.650887092113105,0.785707093708096
TCGA-C5-A1MJ-01A-11R-A14Y-07,0,0.00243076322633654,0.158777547100451,0.0569927986253253,0,0.0911040482177684,0.0178430049481736,0,0.0232059420432043,0,0.0499319858771144,0,0.00551482359946749,0.146418980730641,0.125018822319908,0.180622658284707,0.141423436444878,0,0,0,0,0.000715188582023751,0.01,0.43955428313386,0.896239072379691
TCGA-C5-A1MN-01A-11R-A14Y-07,0,0.0766652295184935,0,0,0,0.104275799239829,0,0,0.013484759469145,0,0.10803396936383,0,0,0.480495447536583,0.0110616324368412,0.0170306601348265,0,0.0473470095799366,0,0.11421178351631,0.00426712384150299,0.0231265853627016,0.02,0.395000987003249,0.940147831729411
TCGA-C5-A1MH-01A-11R-A14Y-07,0,0.0326667069490523,0.478162802854133,0.0822262314542729,0,0.00154680550966769,0.0132646315455736,0.0393052354562523,0.00284911526479614,0,0.011907720727331,0.00817189101992578,0,0.0332604323418447,0.157268986106872,0.0721716933253408,0.0158881252243832,0.00206403571695093,0.0434737681594832,0,0,0.00577181834412024,0,0.563881436287815,0.827970952115551
TCGA-LP-A4AX-01A-12R-A24H-07,0,0,0.520705952970979,0.176221319189399,0,0.0347052887597161,0.0311987652874908,0.0372487246938113,0,0,0.0529124890907125,0,0,0,0.0433911235732634,0.088573677351654,0.009391071856749,0.000320328942901762,0.00175800444474028,0,0,0.0035732538385832,0,0.83786910537843,0.653242667963248
TCGA-MY-A5BF-01A-11R-A26T-07,0,0.0119876382087939,0.0648508918732299,0.179425054945911,0,0.114103963241038,0.0366347705876226,0.0334239317414796,0.00691212256812511,0,0.0528756506382849,0,0,0.0603318897503927,0.231468897677416,0.0879651062492567,0.0451890741027113,0,0.069719045858516,0,0,0.00511196255722273,0.01,0.464553909964595,0.888970529012523
TCGA-JW-A5VI-01A-11R-A28H-07,0,0.027308635527409,0.649347858039758,0.0528516101296821,0,0.0721661722720993,0.0119771653272927,0.0151695563739014,0.00392427993349501,0,0.0326771993840109,0.00286159933823439,0,0.0102763619851864,0.0307973212394801,0.0481055927595091,0.0196078444055039,0.00562434509924054,0.0127798798834687,0,0,0.0045245783017289,0,0.792515151227377,0.670136812749868
TCGA-EK-A2H1-01A-11R-A180-07,0,0,0.165045229050547,0.0399533020934218,0,0.0697441095697385,0.0302969796389798,0,0,0,0.0256061734252825,0.0381409821951103,0,0.198696836146618,0.18037123693699,0.139923276438212,0,0,0,0.107830244718298,0,0.00439162978680256,0,0.50919173839937,0.859029334085212
TCGA-HM-A4S6-01A-11R-A26T-07,0,0.00521035812577461,0.233595678506519,0.116172272066725,0,0.0938759302160388,0,0.043373989347661,0.0347475666185338,0,0.076038772747111,0,0,0.10274029778171,0.126744751568474,0.117750287011147,0.0262012718549412,0,0.0176085594247239,0,0,0.0059402647306409,0.02,0.387592488655644,0.92137681831584
TCGA-EX-A69L-01A-11R-A32P-07,0,0.0142626053453905,0.354675391868143,0.130474475375847,0,0.0428723155188208,0.0205857444110769,0.0421693810825921,0.0123083671559867,0,0.0297578656337852,0,0,0,0.203732295472792,0.102396721706193,0.0168421806165505,0.00114050830857008,0.0178678402529135,0,0,0.0109143072513397,0,0.741574787140268,0.706734207842387
TCGA-LP-A7HU-01A-11R-A33Z-07,0.0171884446977798,0,0.304629913581853,0.131821391683682,0,0.132097719543165,0.00262252540854519,0.0664966300823638,0.0407147308989933,0,0.0352972740401679,0.0136996947692856,0,0,0.144517383522501,0.0972447525865324,0.0136695391851308,0,0,0,0,0,0,0.744600627720978,0.713249976914127
TCGA-FU-A3TQ-01A-11R-A22U-07,0,0.0424948782158974,0.0938588751509071,0,0,0.230966440215097,0.0116847136268569,0.00142716110954839,0.0204939662714365,0,0.0649763688052144,0,0.0179435609963168,0.160123706995617,0.0495382745521962,0.0988007239631949,0.00544648476800171,0.0313881334370178,0.0912956732151861,0,0,0.0795610386775125,0.1,0.219420778340934,0.987154192991835
TCGA-Q1-A5R3-01A-11R-A28H-07,0,0,0.261938891131055,0.0729430830915227,0,0,0.0251985735839842,0.0450631464857162,0.0461005913792938,0,0.0222563260463683,0.011448453249988,0,0.375065638934401,0,0.0733283232613628,0,0.0530725494293891,0,0,0,0.0135844234069186,0,0.773244659161262,0.689077057619464
TCGA-EK-A2IP-01A-11R-A180-07,0,0.0125545711823158,0.0416324652545167,0.146365372058883,0,0.0422647395847392,0.0414039475257313,0.0770035550522527,0.018422268961858,0,0.0653261595187052,0,0,0.441014230786987,0.040732996819925,0.0621207693672059,0,0.00273859953021633,0.00179898094689379,0,0,0.0066213434097692,0.02,0.412342247947666,0.922734215129481
TCGA-DR-A0ZM-01A-12R-A10U-07,0,0.0511517411093573,0.325245722164515,0.101611139609651,0,0.118188899603714,0.0411178449241461,0.0891082537787197,0,0,0.0296629278782473,0.00776755692869866,0,0,0.128051781184686,0.0545292212233116,0,0.0124275895067402,0,0,0.00805745753176355,0.0330798645564498,0,0.579122341033612,0.821700363961321
TCGA-C5-A2M2-01A-21R-A18M-07,0,0,0.418615847997137,0,0.197048911436856,0,0,0.0575777067504722,0,0.0261074377730942,0.13317684303104,0,0,0,0,0.00135926925907573,0,0.0237707160812681,0,0.1256287794424,0,0.0167144882286564,0.8,-0.00526453798709963,1.10677678747891
TCGA-FU-A23K-01A-11R-A16R-07,0,0.00891173094321337,0.455562834492225,0.11376932671782,0,0.0241670206375903,0,0.0944857767202539,0.027851010179585,0,0.038303586537412,0.0152618701449407,0,0,0.0439308425392324,0.13794829494208,0.00785147945183713,0.0127440944616602,0.0115786924299676,0,0,0.00763343980218237,0,0.680743798208717,0.768342935869869
TCGA-C5-A1BI-01B-11R-A13Y-07,0.0041919548944298,0,0.374227772585938,0.0398035849350023,0,0.102906108163088,0.0424358060778207,0.051723608199934,0.0114557070893737,0,0.0475058191433874,0.00253786834081053,0.134528952882993,0.0547456968743674,0.0530963332428398,0.0350693724031491,0.00933288417491658,0.03643853099195,0,0,0,0,0,0.616147292551085,0.818855373055062
TCGA-FU-A23L-01A-11R-A16R-07,0,0,0.253352620537037,0.107421195271057,0,0.193741535757834,0.0136648378336834,0.0260492030319734,0.0197350632288021,0,0.0780069741355029,0,0.00201460002997237,0,0.166790199301138,0.0754452486849577,0,0.037292636505024,0.0149830930912942,0,0,0.0115027925917243,0,0.608449101925323,0.798214748374137
TCGA-C5-A1MI-01A-11R-A14Y-07,0,0,0.446759525305113,0.151103055234297,0,0.144783459904577,0.0244322009816483,0,0.0169820412760732,0,0.0430702358050302,0,0,0.00509412788321907,0.0507980956172261,0.107914540418992,0.00896235837785647,0.00010035919596681,0,0,0,0,0.02,0.363893292489519,0.93579564335042
TCGA-EA-A3HU-01A-11R-A213-07,0,0.0162166336492009,0.525763033873693,0.0646134080687737,0,0.0367883170807726,0.0503491313756176,0.02800215562576,0,0,0.112248124244399,0,0,0,0.11007646879357,0.0424768700684692,0.000905681009737827,0,0.0123648031799908,0,0,0.00019537303001622,0,0.838010993619505,0.638240749092824
TCGA-EK-A2RC-01A-11R-A18M-07,0,0.00467892536830522,0.556991536944481,0.112567264088094,0,0.0780821559854702,0.011385089113541,0.0142007992395935,0.0158985075799979,0,0.0403250713631482,0,0,0,0.0301783979581691,0.0788871660952515,0.00375945423093335,0.0305214103334253,0,0,0,0.0225242216995898,0,0.792997788103137,0.685868587980746
TCGA-EK-A2RK-01A-11R-A18M-07,0,0.0676484837611855,0.103942281112999,0.00798848414199148,0,0.109025488812382,0.0423843617694549,0.0703533383943056,0,0,0.0796114248872775,0,0.0149594095934684,0.0237932785265227,0.341717832581159,0.0187470772968191,0.0766574859903077,0,0.0325767701555653,0,0,0.0105942829765618,0,0.658673595447343,0.753534804425315
TCGA-C5-A1MK-01A-11R-A14Y-07,0,0.0471315081684223,0.19701104679233,0.0323035740742045,0,0.192214339916802,0,0.0279836625916724,0,0,0.0849547389647223,0,0,0.00735611058725137,0.18042827272571,0.14899565932455,0,0.0360529765225453,0,0.0139896350007741,0,0.0315784753310149,0.12,0.192784342853938,1.02165940811293
TCGA-IR-A3LK-01A-12R-A213-07,0,0.0830093698548378,0.083311189569504,0,0,0.244085615036862,0.0195148595162746,0.0569527846852297,0,0,0.0278812137585523,0,0,0.0012296024745661,0.251348160927849,0.0731165166668145,0.0723504145893289,0,0.0730714000794732,0,0,0.0141288728407081,0.08,0.246747030144219,1.01149252400199
TCGA-Q1-A73S-01A-11R-A33Z-07,0,0.069969327902965,0.253889287014271,0.019598161327256,0.18637853013813,0,0,0.0177622019652738,0.0406251820746171,0,0,0.00670778505353951,0,0.104784783345688,0,0.101168990472333,0.0857775078432291,0.0489643800858397,0.0243202448872544,0,0.0378763918711904,0.00217722601841246,0.85,-0.0168060276049637,1.07891263079239
TCGA-C5-A2LZ-01A-11R-A213-07,0,0.042498412796498,0.641541085984595,0,0,0.0852409986730508,0.00575954357990324,0.0258345663121319,0.0127705777384614,0.00243073510653561,0.047241532044539,0,0,0,0.0500172256237239,0.0175607334687846,0.0124306690317877,0.0310127092103875,0,0,0.0035568941792665,0.0221043162503351,0,0.852794331524068,0.617269569419332
TCGA-Q1-A6DV-01A-11R-A32P-07,0,0.026613085880605,0.125654134165199,0.115131332663301,0,0.0844551933552386,0,0,0.0190948447111588,0,0.0471042776275515,0.0484529817023588,0.0192829238216925,0.0108535814739699,0.00417455698716219,0.0613901649951971,0.0483650370941532,0.057101490882366,0.294490378981625,0,0,0.0378360156584224,0.56,0.0439145579903753,1.03836803332574
TCGA-EA-A410-01A-11R-A32Y-07,0.00974806527729965,0,0.173900561124776,0.143275028325754,0,0.0285845734831846,0.063325347591354,0.0346916837260932,0.0197773837444493,0,0.0382548102455697,0.00711774079756732,0,0.259039347123504,0.106489408336827,0.0695379640899639,0.0113027818191495,0,0.0263019640065252,0,0,0.00865334030798271,0.03,0.342458093406367,0.944782366648581
TCGA-EK-A2R8-01A-21R-A18M-07,0,0.0906889922674612,0.137663529771069,0.0202747065076439,0,0.215018774210332,0.0525407383627162,0.0557049892962427,0,0,0.0621758823584972,0,0,0.0541430937466735,0.195933450022509,0.0095425554024723,0.0184731945616225,0,0.0356652902612922,0,0,0.0521748032314674,0.02,0.407996896572497,0.914624611256774
TCGA-HG-A2PA-01A-11R-A213-07,0,0.102038937617721,0.228401899608489,0.0344115481592049,0,0.167170268253641,0.045959762211621,0.0142176315674096,0,0,0.114524485599855,0,0.012904022901706,0.051286987803551,0.0411386034221541,0,0.0419087631864212,0.10313375677522,0,0.0288745483199983,0.00644368861312782,0.00758509595988089,0.03,0.328229903167365,0.946398560884728
TCGA-C5-A1M7-01A-11R-A13Y-07,0,0.0784853803437393,0.251946041219917,0.015382101888933,0,0.189571135033971,0.0602316240588119,0,0,0,0.106191992401318,0,0.0573473111106897,0.0290627286885789,0.0680884707326132,0.0341144762970485,0.00701527698157879,0.0338925307222143,0.0439854835709174,0,0,0.0246854469496683,0.04,0.29845162925201,0.957014182758543
TCGA-C5-A7CG-01A-11R-A32P-07,0.00457076512404307,0,0.239406302922306,0.216005379744287,0,0.145770543811535,0.0117066160564736,0.0629186483012513,0.0231401945549691,0,0.051261560449455,0,0,0.00300698771259678,0.173028479003782,0.0573511152822241,0.0118334070370772,0,0,0,0,0,0,0.575594215513588,0.816946733535197
TCGA-EX-A3L1-01A-11R-A32Y-07,0,0.00416319781812723,0.383858201523458,0.013104672530472,0,0.0512019147323666,0,0.000662793929682177,0,0,0.0315246760060968,0,0,0.299995622715852,0.00391152798404438,0.076575322121389,0,0.016659587422461,0,0.0278660384933791,0.0288058985938171,0.0616705461288543,0,0.627301746958142,0.795195757898455
TCGA-LP-A4AV-01A-11R-A32Y-07,0.00495903448984731,0,0.79425657109022,0.0515765209066932,0,0,0,0.00668378319663943,0,0,0,0.0235587328605757,0,0.0064314055236771,0.0107182477830653,0.0403708472575909,0.00405310014465739,0.0144006923412416,0.0181390259078673,0,0,0.0248520384979252,0,0.964522413994933,0.455069898694904
TCGA-MY-A5BE-01A-21R-A26T-07,0.0218854135241983,0,0.619924977313219,0.130108118404151,0,0.0202248858253747,0.011523539505469,0.0552657096915626,0,0,0.0163895661681192,0,0,0,0.0808084283926502,0.0328023031533759,0.0105320307194317,0,0,0,0,0.000535027302448879,0,0.926386669937335,0.544643219612658
TCGA-IR-A3LH-01A-21R-A213-07,0,0,0.474824084382305,0.096925339626781,0,0.0481155508443889,0,0.0307485775130744,0.00376346843578979,0,0.029482971374104,0,0,0.0965387808127742,0.108219365603064,0.0821410221179951,0,0,0.0238760652888974,0,0,0.00536477400082701,0,0.666073553480187,0.772638343426863
TCGA-C5-A7CJ-01A-11R-A32P-07,0.00356273287649867,0,0.050461161341466,0.0789071955568974,0,0.270316290485359,0.0378003275664216,0,0,0,0.148192620587775,0,0.0188275210601338,0.0174440779733175,0.0720556202016329,0.119136185715639,0.0842293477916701,0.0452244732226471,0.0394361550903144,0.000813548027674078,0,0.013592742502554,0.03,0.342336677281251,0.944989414564484
TCGA-Q1-A5R1-01A-11R-A28H-07,0,0,0.431659987853082,0.0711898879667208,0,0.172390622134142,0.00196086528376538,0,0.0281436183305651,0,0.0670767735189151,0,0,0,0.0197604000440658,0.10667405982857,0.0101564557053586,0.0496748835862394,0.0224709276828349,0.0128906007674058,0,0.00595091729833516,0.65,0.0250663436171145,1.0793488035665
TCGA-C5-A1M6-01A-11R-A13Y-07,0,0,0.359965737267824,0.0219490299571478,0.0281672687420964,0,0,0.0288336919081796,0.0437731596248676,0,0.0815921864996694,0,0,0.206722006065927,0.00244613625341827,0.0414100787661432,0,0.0469644023767213,0,0.115961550349169,0.0175402150261457,0.00467453716269074,0.34,0.0987391031133126,1.05340244361309
TCGA-C5-A2M1-01A-11R-A18M-07,0,0,0.109890683811683,0.12258435289108,0,0.212133141648375,0,0.150778895319337,0,0,0.0166444316404643,0.0163163245097401,0,0,0.165998925864297,0.134064627306707,0,0,0.0715886170083159,0,0,0,0.02,0.406300078853534,0.919000396158114
TCGA-EA-A411-01A-11R-A24H-07,0,0.0273918471233326,0.574856158944966,0.0460750549697906,0,0.0562425446368898,0.00265293676251001,0.0251054103165864,0,0,0.0118653383287575,0.000516064749446611,0,0.0642967264896401,0.0121695782293041,0.112383035905621,0.00669396000009632,0.0496551287987593,0.00386272372085586,0,0,0.00623349102344402,0,0.657063489795566,0.777054116915603
TCGA-C5-A1BN-01B-11R-A14Y-07,0,0.0174196044533145,0.121131312335076,0,0.00805414946985656,0.101353569653008,0,0,0,0,0.0187815429314144,0.0558621947855511,0,0.40300476711977,0.0680395632844209,0.101728355562717,0,0.0335220955267094,0.0643437253383713,0,0,0.00675911953979083,0.02,0.380082037634986,0.936191399528449
TCGA-EA-A1QT-01A-11R-A14Y-07,0,0.0331308887563604,0.0579797396051534,0.0708862703783518,0,0.197830385230054,0.034250749814539,0.0883357401009997,0,0,0.0255344506817295,0.0305359863225356,0.039857413514991,0.0102386276295509,0.179356887633777,0.143985330565844,0.0163952129165203,0.00277542120864865,0.0683546885369874,0,0,0.00055220710395732,0.03,0.350844407356984,0.944960649927311
TCGA-FU-A57G-01A-11R-A26T-07,0,0,0.114337906781419,0.0183166690856245,0,0.230261161468524,0,0.0156802175812815,0.0426382656688998,0,0.0514600515463056,0,0,0.143238945346785,0.0783712820775172,0.256927535420567,0,0,0,0.0179044248770188,0,0.0308635401460578,0.54,0.0520157255716029,1.07157936220958
TCGA-EK-A2RE-01A-11R-A18M-07,0,0.0742125627256947,0.00583761670585085,0,0.0722298274722085,0.133048005849951,0,0,0,0,0.0627389018872604,0,0,0.449298580549766,0.0198873882067937,0,0.0247962602705375,0.0624283390537617,0,0.0531153813493326,0,0.0424071359288436,0.14,0.170118445462095,1.05835573670955
TCGA-EA-A3QD-01A-32R-A22U-07,0,0.00295073372512456,0.187328839548633,0.208400010463059,0,0.133434818058517,0.0145985463152858,0.0344854629722966,0.0678314716122482,0,0.0477559177150553,0,0.012431228033024,0,0.157281365300614,0.111274852485089,0.00812777880938132,0,0.0096084333129506,0,0,0.00449054164872057,0,0.764601236035842,0.689907183821743
TCGA-EK-A2RA-01A-11R-A18M-07,0,0.0223210419030045,0.0284386753055909,0.185127180728026,0,0.0924373303292533,0.0172091898369,0.07468117928084,0.0367026538632687,0,0.0330946307321218,0.0233553149525854,0.00743854812601942,0,0.206799438254159,0.102858047275981,0.0632043333926618,0.00650369935683012,0.0937124166179237,0,0,0.00611632004483434,0,0.535405191086781,0.843970836834606
TCGA-EA-A6QX-01A-12R-A33Z-07,0,0.00541665452801445,0.736111703936543,0.000818431574380135,0,0.0371209611531787,0,0.0371544617383196,0.00957750236002452,0.011826365843628,0,0.0214025359691501,0.00862641031226984,0.00718061434108366,0.0085054543789039,0.0190942056697399,0,0.077433010052109,0,0,0.0067526418771519,0.0129790462655034,0,0.855650921869887,0.595405598024446
TCGA-C5-A1M9-01A-11R-A13Y-07,0,0,0.0401861966596907,0.0334837458736813,0,0,0.00151875731900804,0.0505870400830828,0.0964255330740111,0,0,0.0639605471462789,0.127229227719433,0.270167787701235,0.129803309200905,0,0.00722262280418629,0.0061168347592606,0.141573131042809,0,0.0317252666164185,0,0.14,0.171140533980447,1.02051524856523
TCGA-FU-A3EO-01A-11R-A213-07,0,0,0.223901588148222,0.099078577614449,0,0.0211159000293182,0,0.0125770019365771,0.0713514968059789,0,0,0.0458707093603853,0.00922783755196167,0,0,0.233475316428351,0.0430947088424355,0.0737552447164172,0.138581333926719,0,0.00529739011622936,0.0226728945229551,0.22,0.131260836638396,1.01433985450653
TCGA-JW-A5VK-01A-11R-A28H-07,0,0.00313888030692874,0.876718959927397,0.0129491043053784,0.00981407167721368,0,0,0,0.00129546212301567,0,0,0.010579057993979,0.0375814551354177,0.013507572807833,0,0.000263908027972682,0.00771388601187773,0.00165840530584351,0.0134336631007474,0,0,0.0113455732763953,0,0.942990455469477,0.454036929624478
TCGA-EK-A2RM-01A-21R-A18M-07,0,0,0.18371240271968,0.0078973414897946,0,0.047184022225293,0,0.022771874067962,0.0469193596967232,0,0.0590115905075842,0,0.00832998362261809,0.00268668189954199,0,0.0716247782919971,0,0.450092840832138,0,0.0909166816321178,0,0.00885244301455039,0.01,0.446739994722098,0.906041193896768
TCGA-EK-A3GM-01A-11R-A213-07,0,0.0302477046778373,0.198514177703259,0.0144567594419297,0,0.207426202222429,0,0,0.0947619567138211,0,0,0.165998979672529,0,0.0733176575248229,0.0603104268328361,0.0617197721656213,0,0.00173112141366184,0.0815424996959827,0,0,0.00997274193526943,0.65,0.0220908822719685,1.10058115310058
TCGA-EA-A44S-01A-12R-A26T-07,0,0.0814568634306751,0.269442553115384,0.0729142505222444,0,0.0313313980776963,0.0214613574198738,0.0481874935278927,0.0141444715961382,0,0.0625169076405087,0,0.0150204562596233,0.0754775993594221,0.034006644646741,0.206754386885109,0.0216665606538367,0.00445940861840357,0.0288261279280617,0,0,0.0123335203183886,0.03,0.307298357384701,0.953705517355449
TCGA-EK-A2RJ-01A-11R-A18M-07,0.00380341923024942,0,0.646159512089531,0.0612874031602975,0,0.051330689761215,0.0315658372180393,0.0259164610744762,0,0,0.0179392406744066,0.0142413315784398,0,0,0.0511577735233134,0.0449738219758313,0,0,0.0329399840645162,0,0,0.0186845256496839,0,0.868460717266381,0.609382171067212
TCGA-FU-A3NI-01A-11R-A21T-07,0,0,0.170675057505374,0.0179417309274908,0,0.319141263973082,0,0,0,0,0.0778534541993029,0,0,0,0.113390368828982,0.262267291550879,0.0195784040121606,0,0.014560960443489,0,0.00459146855924015,0,0.0600000000000001,0.257467796420283,0.981273886619933
TCGA-Q1-A73R-01A-11R-A33Z-07,0,0,0.29696369388262,0,0,0.218561969952923,0,0.0247079776085287,0.00420517553763594,0,0.0154788005271815,0.0503176972060554,0,0,0.201060306684415,0,0.0133984113509461,0,0.170208335182201,0,0.00112925484520155,0.00396837722229116,0.54,0.0518667696764972,1.09025757266516
TCGA-EA-A4BA-01A-21R-A26T-07,0,0.157673969181874,0.197488158004815,0,0.0240065059785719,0,0.0141487012589536,0.00755094235306208,0.034120349616232,0,0.0762965930519599,0,0,0.302423645373686,0,0.0626709890524436,0.0115092487337655,0,0.100631807210558,0,0.011479090184078,0,0.78,0.00309064338547315,1.09022612722787
TCGA-EA-A3QE-01A-21R-A21T-07,0,0.0330397502475615,0.033642908387163,0.119623306138166,0,0.214311172332995,0.0841972751872607,0.0153728421475821,0.016827320545304,0,0.128792489993932,0,0.0248962469704635,0.00589362912898895,0.209709862689499,0.0116895559592708,0.014602174172447,0.0177086849678082,0.0373788541514861,0,0,0.0323139269800727,0,0.487479098435858,0.878746342711034
TCGA-FU-A5XV-01A-11R-A28H-07,0,0,0.539966330209939,0.0530493830007089,0,0.0311836676277746,0.0313880688533988,0.0274136675086647,0,0,0.0386651276022618,0,0.0794448526670301,0.0344857158568066,0,0.0144926654460262,0.00646234373715822,0.0817217980883187,0.0617263794019125,0,0,0,0.17,0.156414896742731,1.03202763808664
TCGA-C5-A1ME-01A-11R-A13Y-07,0,0,0.544964745394811,0.172087144034995,0,0.011378871316068,0,0,0.0526017452477262,0,0.000135709532597303,0.0361729712353586,0,0.00110082186532921,0,0.103252891419195,0.000398793318804112,0.0248893625346829,0.00650106367148808,0,0,0.0465158804289446,0,0.489785895183807,0.872785772786413
TCGA-JX-A5QV-01A-22R-A28H-07,0,0.0427367462770464,0.319870188245557,0.118892275868675,0,0.0980555215606565,0.0253693668778505,0.0434868839520338,0,0,0.0460734075779308,0,0,0.026184949432561,0.0750658212578736,0.10962820484752,0.0613023644880389,0,0,0,0.0131818583120611,0.0201524113021963,0.01,0.448823779869764,0.893421906709836
TCGA-C5-A3HE-01A-21R-A22U-07,0,0,0.636264317994905,0.12907407292267,0,0.0578996392623465,0.00253298374491957,0.0270085622446646,0.0256911447686861,0,0.0075042914349256,0.0379611308280679,0,0,0.0165387602051396,0.0321193806598973,0.00732252242517481,0.00173647501076237,0.000687098871933522,0,0,0.0176596196259074,0,0.844526554171117,0.621220108552294
TCGA-RA-A741-01A-11R-A33Z-07,0,0,0.577669753141761,0.0787788710525147,0,0.0546468805400253,0,0.0460024342450628,0.00251433268953703,0,0.00674975508975212,0.0209065697583271,0,0,0.042217934311839,0.121000799524742,0.0152397985893875,0.0130786080143833,0.0104605699265408,0,0,0.0107336931161272,0,0.828417104607294,0.660218245446287
TCGA-C5-A2LX-01A-11R-A18M-07,0,0.00243655940672096,0.608138185821119,0.10718342184087,0,0.025295823537143,0.0053219116381036,0.049441028326181,0.0206446194922593,0,0,0.0220968005903568,0,0.0152925759942811,0.017499489958808,0.0353669093462223,0.0330546308820822,0.00332344326079916,0.044052108847104,0,0,0.0108524910579502,0,0.897574441418608,0.597709421539955
TCGA-DS-A5RQ-01A-11R-A28H-07,0,0.0105728089503457,0.112833883940925,0.119354143046494,0,0.0795883277941381,0.0240186976507987,0.0227425568179019,0.0396639648987755,0,0.018134102753956,0.00723356034644796,0.141863318601859,0.011506418846654,0.193839672116973,0.0712993879112074,0.0431609193752446,0.00218591727438368,0.102002319673894,0,0,0,0.04,0.285137548857163,0.971317043666607
TCGA-C5-A7CL-01A-11R-A32P-07,0,0.0159917619054372,0.0575734386530141,0.023284421645649,0,0.189043640798456,0.0136836572482819,0.00812781296520957,0,0,0.10564458268571,0,0.053139718946446,0.0931074071960342,0.00827709908992205,0.0665070235493109,0,0.238068467309729,0.0118850311943685,0.0202000988389254,0,0.0954658379735067,0.12,0.19194327082776,1.01230327787949
TCGA-EK-A2RO-01A-11R-A18M-07,0,0,0.00918401936859762,0,0,0.280501822415538,0,0.0426438080134724,0,0,0.0754032699273153,0.0522529673987918,0.00970322806915834,0.0866048389407255,0.131886794147559,0.177059186100948,0.0626805246681976,0,0.0683805084707616,0,0,0.00369903247893541,0.7,0.0140159918526613,1.10059367943665
TCGA-C5-A1BJ-01A-11R-A13Y-07,0,0.0483637129777258,0.431537818318472,0.0210973745131941,0,0.152879197847,0.0354892883296627,0,0,0,0.104512466678668,0,0,0.00384107725728021,0.0420019705159779,0.0474627494347287,0.0320694227767562,0.0241982346956092,0,0.0155011159102881,0.0188961911299329,0.022149379614704,0.04,0.292945303203855,0.96586757754388
TCGA-EA-A78R-01A-11R-A32P-07,0,0.0112250996229781,0.406712800381963,0.0500594289082162,0,0.0135622200885336,0.0200977050377263,0.0404344272416301,0,0,0.0149537160187901,0.00591589899273354,0.0274629834499286,0.0247856671017408,0.15143280063296,0.0946844186075722,0.0112398769714865,0.0636714600603775,0.0600033845264121,0,0,0.00375811235695099,0,0.716500841464798,0.737929423413891
TCGA-DG-A2KJ-01A-11R-A32Y-07,0,0.00166918169831513,0.742928190945864,0.0272743794638284,0.00995813330655669,0,0,0.0395155074276531,0.00188614842867339,0,0,0.0253912085701102,0,0.0502785473679587,0.0090886365874229,0.0444317198543189,0,0,0.033182791392414,0,0,0.0143955549568844,0,0.929142064079592,0.522366731100525
TCGA-FU-A2QG-01A-11R-A18M-07,0,0.15631948892579,0.104482978187344,0,0,0.235915043032989,0.0110828702634923,0.0103851380926604,0,0,0.124453071256792,0.0364324745113591,0,0.0366942226659533,0.119009052097762,0,0.100294119192183,0.0440020200307512,0,0,0.0209295217429229,0,0.16,0.157536246934205,1.03146690114958
TCGA-EK-A3GK-01A-11R-A213-07,0,0.028801071169543,0.158419669708222,0.127322413300183,0,0.243553994060195,0.00626099994905986,0.0358502431090241,0.103805160794618,0,0.11185339106378,0,0,0.030311577887477,0.0976405068833523,0.0517752893324693,0,0.00440568274207629,0,0,0,0,0.52,0.0547291778541959,1.10586163003677
TCGA-Q1-A73O-01A-11R-A32P-07,0.00287018641887458,0,0.877133410060349,0.00859286509856748,0.0070755827466276,0,0,0.00585615889347307,0.000314825406908426,0,0.00957135946853163,0.00549934604629916,0,0,0.0536449894613588,0,0.0023458484977717,0,0.00215229065005395,0,0,0.0249431372511845,0,0.963456404127152,0.411804604834371
TCGA-C5-A7CH-01A-11R-A33Z-07,0,0.0113839850931246,0.0371197626082056,0.0375319332599171,0,0.0167417383281678,0.0153467279279334,0.0350743223031064,0.0247377794572848,0,0.0171439598384749,0,0,0.589145836606968,0.0963158387169407,0.0558632587274567,0.0013911615878556,0.0216860900231163,0.0182229578129715,0,0,0.0222946477084765,0,0.597578104359726,0.804542393340354
TCGA-C5-A1BM-01A-11R-A13Y-07,0,0.0187674531346056,0.497530129729831,0.0212755154114549,0,0.000910932359471686,0.00991652259537582,0.0336066806720829,0.00452228196305546,0,0.00946538514595935,0.00580132775099237,0.0483685605584181,0.00853355806538134,0.184181967294794,0.0499838647009239,0.0427891107774102,0,0.0623077484411893,0,0,0.00203896139905428,0,0.668499932830913,0.75863589739996
TCGA-C5-A7CM-01A-11R-A33Z-07,0,0,0.664994661674553,0,0,0.131085868461008,0,0.0140381357095389,0,0,0.0498543858383702,0.0179327791118828,0,0.0861493513658799,0,0,0,0.0211427144578911,0,0,0.0148021033808761,0,0.02,0.361699779171013,0.953084791763521
TCGA-EK-A2R7-01A-11R-A18M-07,0,0.0108266597011156,0.671569283425721,0.0905934227201971,0,0.0473268958614158,0,0.0226184223572377,0,0,0.0282792393323421,0.00514035757349973,0.000715231655592236,0,0.0425840013472465,0.0568433229404487,0.0210920403179747,0.0017560591751391,0,0,0,0.000655063592069271,0,0.51223150775071,0.86256960437902
TCGA-EK-A2GZ-01A-11R-A180-07,0,0.207746925379896,0.0774325441889956,0,0,0.113622371830231,0.0517088854900635,0.0445673223824923,0,0,0.161614614532434,0,0,0.0405006698234258,0.060006867950659,0.0214306254790428,0.0552656341472409,0.0480757515397038,0,0.0923365286413463,0.0104692558874162,0.0152220027270532,0.23,0.128533053145561,1.03087866432409
TCGA-C5-A7UE-01A-11R-A33Z-07,0,0.0804590160668981,0.0297933278931313,0.0711650335905854,0.0799840236465032,0.123991678856858,0.0274669530353134,0,0.00988164280976762,0,0.0688150362483274,0.00546227978477571,0.20969000472684,0.0200329328038894,0.00340390384900557,0.0366662728524539,0.0420400086130238,0.0490304915618125,0.142117393660815,0,0,0,0.21,0.137979506849139,1.0098884656569
TCGA-DS-A0VL-01A-21R-A10U-07,0,0.014998609051186,0.165332513001318,0.0778096192769881,0,0.170209347785084,0.0435753588613689,0.0613530220268542,0.0133949809566145,0,0.0997059101010274,0,0,0.00842158882450743,0.212398401679961,0.0674461648338383,0.00942046924342401,0.00678287256998483,0.0456284305809754,0,0,0.00352271120686753,0.01,0.463175958818374,0.888031918922698
TCGA-EK-A3GJ-01A-21R-A213-07,0,0.0783012240053284,0.0271623534091624,0.0483182482873422,0,0.199080068884435,0.0692490051576578,0.0251915034959583,0,0,0.111680570489203,0,0,0.00876220938826064,0.281819277658877,0.0300247133773198,0.0630759818915409,0,0.0481384432461738,0,0,0.00919640070874062,0,0.508290197445846,0.868581542750005
TCGA-LP-A4AU-01A-32R-A32Y-07,0,0,0.309738902733357,0.118092051889584,0,0.0980054127762846,0.0398115605724475,0.0161981391234808,0,0,0.081799744912334,0.0138012598749453,0.0423844947818178,0.0189831948610235,0.116302122082743,0.0133713767903716,0,0.0611393256088579,0.0575765426923294,0,0,0.0127958713004236,0.03,0.35705374902254,0.936856187460372
TCGA-C5-A2LY-01A-31R-A18M-07,0,0.00545821200232259,0.350680864736187,0.158402497513487,0,0.0247071165966658,0.0162041187909836,0.0691171361394018,0.00348129128174705,0,0.0156085073730798,0.0280856961431447,0,0.0043642871481884,0.117840006502477,0.108993604880817,0.0401560274510007,0,0.0459942183821878,0,0,0.010906415058309,0,0.75176430482303,0.730052520589638
TCGA-C5-A1BQ-01C-11R-A213-07,0,0,0.306293600803213,0.219130396281634,0,0.104112942328146,0.0152432328106095,0.0685080644339062,0.0189965392122123,0,0.074077996770624,0.0073082976497744,0.0139993844286451,0,0.0785922460339751,0.0907636230648255,1.68658342477522e-06,0,0,0.000136174255526216,0,0.00283581534348432,0,0.518110055244115,0.853994685935275
TCGA-IR-A3LB-01A-11R-A24H-07,0,0,0.222704093348216,0,0,0.299252288022572,0,0.0708811341606326,0.0212644867966766,0,0.0896679153739519,0,0,0.087862534849853,0.159653880831472,0.0137689747405289,0,0.0191456960410193,0.00022291529747205,0.00843346593496153,0.00714261460264347,0,0.21,0.144832693089791,1.05176440503685
TCGA-JW-A5VJ-01A-11R-A28H-07,0,0,0.611362010106293,0.0177736991377045,0,0.0213309297493123,0,0.0360214176143943,0,0,0.00408317094777939,0.0141159576376203,0.0398733552940291,0.0305240039939315,0.0539071138774959,0.0537076540731775,0.0281280781650726,0.0533603845391933,0.0346622647033122,0,0,0.00114996016068417,0.01,0.463665560052847,0.88979078632892
TCGA-EA-A5FO-01A-21R-A28H-07,0,0,0.265103905749913,0,0,0.166101530297596,0,0.035472661300725,0,0.0209246403685913,0.0252816741891151,0,0,0.00391588638981109,0.134818254454501,0,0.042276299984888,0.0174441697915709,0.251311205439872,0,0,0.037349772033417,0.6,0.0383035672105863,1.0557040910679
TCGA-DS-A0VM-01A-11R-A10U-07,0,0.135438677728125,0.0816462807733664,0,0,0.137386910141553,0.0603416047568517,0.0246001882894271,0.0153834191766146,0,0.073541394996231,0.0110924080607495,0,0.0407858465060133,0.121225332867576,0.0363952215497646,0.00901575374992183,0.251897881478965,0,0,0,0.00124907992483986,0.02,0.412693319173105,0.918832077742417
TCGA-Q1-A5R2-01A-11R-A28H-07,0,0.0691879703699582,0.275553769686624,0.0511482960245881,0,0.089706438979718,0.00471664124985056,0.0655902818377624,0,0,0.0358822151763321,0.0141455288287847,0,0,0.136085058678101,0.154377762856089,0.0023331647530152,0.0866914813620644,0,0,0,0.0145813901971117,0,0.600405728182923,0.810402683874098
TCGA-EK-A3GN-01A-11R-A213-07,0,0.111675580916184,0.0120808725683934,0.0759750605525973,0,0,0,0.00670901545679219,0.0973166799525194,0,0.0711574436116783,0.0456554151185037,0,0,0,0.216049385587854,0.0291581551907792,0.174443293320243,0.050232938245339,0,0,0.109546159479116,0.8,-0.00589991601030226,1.08155817886623
TCGA-JW-A69B-01A-11R-A32P-07,0,0.0136174198775454,0.814179017238628,0.0143999148861253,0,0.00917148571913374,0,0.00306887898246922,0.00906015659085037,0,0.00768330610604269,0,0,0,0.000226824899416809,0.0712079129865132,0.0159564571311882,0.00743684554303372,0,0,0,0.0339917800390531,0,0.506833198763907,0.879905788369758
TCGA-EK-A2RN-01A-12R-A213-07,0,0.00723015440171241,0.0287413138734589,0.093223448279847,0,0.0697059787361663,0.0203770801369874,0.0330509694948979,0.0139761151155394,0,0.0299670017469202,0,0.168300310790961,0,0.04106593596096,0.305070218830363,0.00960095148613349,0.0861719554814506,0.0140616615711386,0,0.049179494400808,0.0302774096926554,0.46,0.0600920112910383,1.04832932837435
TCGA-C5-A1M5-01A-11R-A13Y-07,0,0.0401040142671438,0.45884386294714,0.0866582971036744,0,0.124793761918127,0.00707187407707353,0.0268906611551759,0.0128448727015381,0,0.0253878842601394,0,0.00917097233786809,0.0141953415072852,0.0777403415172459,0.0405333369745777,0.00937507392064168,0.0210770382878801,0.0243788642245652,0,0,0.0209338027999247,0,0.777145572350094,0.708127576698433
TCGA-DG-A2KK-01A-11R-A180-07,0,0.00349843494873529,0.380411699031575,0.0961266824271365,0,0.121416428241664,0.00176975577923244,0.0194738059449491,0.0278459092224979,0,0.0347067670963483,0,0.0223543647193343,0.0225954425376994,0.117581409882983,0.0841152815429425,0.0343670307455313,0,0.0291853834991155,0,0,0.00455160438025585,0,0.49305999576924,0.870541713683962
TCGA-C5-A1ML-01A-11R-A14Y-07,0,0.00224816806667684,0.0155506258090631,0.0246868610317144,0,0.136806055878034,0.0177794334615504,0.0193233061254744,0.0161972395380593,0,0.0362847992361109,0.0181700519359483,0,0.0809055741196238,0.0463423309586276,0.225635186315586,0.104791113175235,0.11488673145601,0.127948434627432,0,0,0.0124440882648534,0.04,0.300133980138908,0.957697028711941
TCGA-EK-A2R9-01A-11R-A18M-07,0,0.0549260088162903,0.034649104733537,0.230910737586406,0,0.0669176606425949,0.0151902092137829,0.045696272923158,0.0724599054609832,0,0,0.0318840085408515,0.0174298239115591,0,0.129777761453753,0.128217530069521,0.0923976406262369,0,0.074425245326135,0,0,0.00511809069519135,0.01,0.430830214989721,0.901414361430125
TCGA-C5-A1BK-01B-11R-A13Y-07,0,0.0342310064886766,0.380624713747718,0.111874311366169,0,0.0890827042805386,0.0216923924593627,0.063167609411326,0.0290066258324971,0,0.0237190813129405,0,0,0,0.146128949794053,0.0553823803292839,0,0.0245372172441518,0,0,0,0.0205530077332824,0,0.71319465337306,0.734771511126054
TCGA-IR-A3LA-01A-11R-A22U-07,0,0,0.404408325968532,0.0109321168122327,0,0.168893697973478,0,0.0189167656362163,0.00883622588662562,0,0.0724277179224769,0,0,0,0.0871872192130845,0.191687165677501,0.00629251920797745,0,0.00152687518730572,0,0.0288913705145694,0,0.61,0.0350308534204286,1.072140957434
TCGA-EK-A2PM-01A-11R-A18M-07,0,0.168594575619163,0.0117942527297414,0,0,0.0248143617389421,0,0.0860760276075154,0,0.00578608440724993,0.0712389217748312,0,0.13970035869709,0.20516225752406,0,0.110098175559194,0.0270495787271274,0.0914948391688185,0,0.0571722474803705,0,0.00101831896589691,0.68,0.017841160338094,1.06802747023953
TCGA-EA-A43B-01A-81R-A32Y-07,0,0.0150084938350343,0.604175202578509,0.0915673060576009,0,0.0114091486160514,0,0.0632432032099649,0,0,0.00600618943972554,0.0259605455122424,0.000509761294335931,0.0532577688613134,0.0446814129303462,0.043949687268607,0,0.0160637779386763,0.0193861548344771,0,0,0.00478134762311528,0,0.799339811442685,0.671462164107637
TCGA-JX-A3Q8-01A-11R-A21T-07,0.00425783218931934,0,0.367222348943165,0.0212883334329666,0,0.145812414446474,0.0904899645698959,0,0.0219461939043066,0,0.083599587908586,0,0,0,0.100220830584137,0.119227561181705,0.0296908485464211,0.0041071342841071,0,0,0.0121369500089167,0,0.11,0.20206385096538,1.00375923935787
TCGA-DR-A0ZL-01A-11R-A10U-07,0.0266581150387237,0.0344838369263961,0.347363096692723,0.0278235940752087,0.00601375043074912,0.133501718562355,0.026930024214017,0,0,0,0.10036868398814,0,0.0116328801965632,0.00297407284524845,0.0266925911072711,0.0869299506035454,0.0137553041792107,0.0981757951174457,0.0196699008199423,0.011827142030161,0,0.0251995431722998,0.21,0.140021429641809,1.02406970404899
TCGA-JX-A3PZ-01A-11R-A32Y-07,0,0.0486750158066633,0.0297541482006786,0.0898151892497281,0,0.125927624937891,0,0.00596851528416732,0,0,0.051688790513725,0.0253260674273028,0,0.337128175614779,0.0792445433271442,0.177160581484745,0.016325909048941,0,0.011741128459657,0,0,0.00124431064457746,0,0.63913115245593,0.775165488863957
TCGA-DG-A2KH-01A-21R-A22U-07,0.00264961589689219,0,0.52481350882588,0,0.0331402755370014,0.0127508824739028,0.0175645990796553,0,0.0587312380452077,0.0426589977419801,0.0918389183212776,0,0,0.10896223732177,0.00231842555895586,0,0.0551187043671502,0,0,0.0390625832348293,0,0.0103900135954973,0.42,0.070547931376992,1.07652641369857
